{"cameraMode":{"drawMode":0,"name":"Shaded","section":"Shading Mode"},"sceneLighting":true,"audioPlay":false,"sceneViewState":{"m_AlwaysRefresh":false,"showFog":true,"showSkybox":true,"showFlares":true,"showImageEffects":true,"showParticleSystems":true,"showVisualEffectGraphs":true,"m_FxEnabled":true},"in2DMode":false,"pivot":{"x":-0.370114803314209,"y":-13.07220458984375,"z":35.32541275024414},"rotation":{"x":0.21719014644622804,"y":0.02401469275355339,"z":-0.005336434580385685,"w":0.9758273363113403},"size":23.645418167114259,"orthographic":false}